"","country","ISO2","actual","est","est_l","est_u","est_lower","est_upper","notch"
"1","Albania","AL",7,6.90860833333333,0.585791797064815,0.585791797064815,6.32281653626852,7.49440013039815,0
"2","Angola","AO",5,6.80908333333333,0.587308632701259,0.587308632701259,6.22177470063207,7.39639196603459,2
"3","Argentina","AR",2,7.061925,1.11274070387286,1.11274070387287,5.94918429612714,8.17466570387286,5
"4","Aruba","AW",13,14.1975833333333,0.591512887771362,0.591512887771362,13.606070445562,14.7890962211047,1
"5","Australia","AU",20,19.1879,0.589481522147228,0.589481522147228,18.5984184778528,19.7773815221472,1
"6","Austria","AT",19,18.8717916666667,0.589217666611304,0.589217666611304,18.2825740000554,19.461009333278,0
"7","Azerbaijan","AZ",10,10.8672416666667,0.58884746927192,0.58884746927192,10.2783941973947,11.4560891359386,1
"8","Bahamas","BS",10,10.5458833333333,0.661543100380367,0.661543100380367,9.88434023295297,11.2074264337137,1
"9","Bahrain","BH",7,10.0299416666667,1.52104680251511,1.52104680251511,8.50889486415155,11.5509884691818,3
"10","Bangladesh","BD",8,8.084125,0.584839457457873,0.584839457457873,7.49928554254213,8.66896445745787,0
"11","Barbados","BB",1,6.48935833333333,1.23433222156197,1.23433222156197,5.25502611177137,7.7236905548953,5
"12","Belarus","BY",6,6.715975,0.594561459653296,0.594561459653296,6.1214135403467,7.3105364596533,1
"13","Belgium","BE",18,17.7641666666667,0.584700561661286,0.584700561661286,17.1794661050054,18.348867228328,0
"14","Belize","BZ",5,5.571375,0.585836886642172,0.585836886642172,4.98553811335783,6.15721188664217,1
"15","Bermuda","BM",16,15.772325,0.579984800895089,0.579984800895089,15.1923401991049,16.3523098008951,0
"16","Bolivia","BO",8,8.70600833333333,0.585875672959173,0.585875672959173,8.12013266037416,9.29188400629251,1
"17","Bosnia and Herzegovina","BA",6,6.92218333333333,0.586479933860211,0.586479933860211,6.33570339947312,7.50866326719354,1
"18","Botswana","BW",14,12.49165,0.587141015556277,0.587141015556277,11.9045089844437,13.0787910155563,2
"19","Brazil","BR",9,8.583175,0.585884045175545,0.585884045175545,7.99729095482446,9.16905904517555,0
"20","Bulgaria","BG",12,12.0250333333333,0.586103836767373,0.586103836767373,11.438929496566,12.6111371701007,0
"21","Burkina Faso","BF",5,6.15828333333333,0.584639927096354,0.584639927096354,5.57364340623698,6.74292326042969,1
"22","Cameroon","CM",6,6.69950833333333,0.587543821399156,0.587543821399156,6.11196451193418,7.28705215473249,1
"23","Canada","CA",20,18.7841916666667,0.584766560752378,0.584766560752378,18.1994251059143,19.368958227419,1
"24","Cape Verde","CV",6,6.06155833333333,0.585703962977007,0.585703962977007,5.47585437035633,6.64726229631034,0
"25","Chile","CL",16,14.0264166666667,0.71883194655511,0.71883194655511,13.3075847201116,14.7452486132218,2
"26","China","CN",17,13.3627916666667,0.595111518484281,0.595111518484281,12.7676801481824,13.9579031851509,4
"27","Colombia","CO",11,9.91685833333333,0.785434997856122,0.785434997856122,9.13142333547721,10.7022933311895,1
"28","Congo","CG",5,6.293825,0.792686018974561,0.792686018974561,5.50113898102544,7.08651101897456,1
"29","Congo D.R.","CD",4,6.18623333333333,0.58563750269542,0.58563750269542,5.60059583063791,6.77187083602875,2
"30","Cook Islands","CK",7,9.31255,1.51029809570927,1.51029809570927,7.80225190429073,10.8228480957093,2
"31","Costa Rica","CR",7,7.405525,0.586049496176222,0.586049496176222,6.81947550382378,7.99157449617622,0
"32","Croatia","HR",11,12.3835833333333,0.590829011007035,0.590829011007035,11.7927543223263,12.9744123443404,1
"33","Curacao","CW",13,12.9862333333333,0.586432359297836,0.586432359297836,12.3998009740355,13.5726656926312,0
"34","Cyprus","CY",10,12.4538666666667,0.666390059880726,0.666390059880726,11.7874766067859,13.1202567265474,2
"35","Czech Republic","CZ",17,15.6770333333333,0.586039483949943,0.586039483949943,15.0909938493834,16.2630728172833,1
"36","Denmark","DK",20,18.4173666666667,0.750762316858733,0.750762316858733,17.6666043498079,19.1681289835254,2
"37","Dominican Republic","DO",8,8.53205833333333,0.586523329455154,0.586523329455154,7.94553500387818,9.11858166278849,1
"38","Ecuador","EC",6,7.97096666666667,0.587292001972389,0.587292001972389,7.38367466469428,8.55825866863906,2
"39","Egypt","EG",6,4.94521666666667,0.589513701581062,0.589513701581062,4.35570296508561,5.53473036824773,1
"40","El Salvador","SV",5,6.0073,0.588993419606862,0.588993419606862,5.41830658039314,6.59629341960686,1
"41","Estonia","EE",17,15.2662333333333,0.585412482990529,0.585412482990529,14.6808208503428,15.8516458163239,2
"42","Fiji","FJ",7,8.094475,0.587794160448172,0.587794160448173,7.50668083955183,8.68226916044817,1
"43","Finland","FI",19,18.8243833333333,0.586637364828352,0.586637364828352,18.237745968505,19.4110206981617,0
"44","France","FR",18,17.1239333333333,0.89736796821003,0.89736796821003,16.2265653651233,18.0213013015434,1
"45","Georgia","GE",8,7.95814166666667,0.589785911221655,0.589785911221654,7.36835575544501,8.54792757788832,0
"46","Germany","DE",20,19.2476583333333,0.586617270994541,0.586617270994541,18.6610410623388,19.8342756043279,1
"47","Ghana","GH",5,6.3286,0.586156836318884,0.586156836318884,5.74244316368112,6.91475683631888,1
"48","Greece","GR",4,9.65169166666667,0.594544050047583,0.594544050047583,9.05714761661908,10.2462357167142,6
"49","Guatemala","GT",9,8.38599166666667,0.585907159196172,0.585907159196172,7.8000845074705,8.97189882586284,1
"50","Honduras","HN",8,8.45573333333333,0.585050685409054,0.585050685409055,7.87068264792428,9.04078401874239,0
"51","Hong Kong","HK",19,19.2798,0.588274297684762,0.588274297684762,18.6915257023152,19.8680742976848,0
"52","Hungary","HU",11,11.4584,0.595027826941998,0.595027826941998,10.863372173058,12.053427826942,0
"53","Iceland","IS",12,17.658825,0.636644208602338,0.636644208602338,17.0221807913977,18.2954692086023,6
"54","India","IN",11,9.75378333333333,0.722965924302974,0.722965924302974,9.03081740903036,10.4767492576363,1
"55","Indonesia","ID",10,8.82593333333333,0.738965706893941,0.738965706893941,8.08696762643939,9.56489904022727,1
"56","Iraq","IQ",5,6.81396666666667,0.753283565447721,0.753283565447721,6.06068310121895,7.56725023211439,2
"57","Ireland","IE",17,17.7959416666667,0.587913786615569,0.587913786615569,17.2080278800511,18.3838554532822,1
"58","Israel","IL",17,16.548275,0.587631852464266,0.587631852464266,15.9606431475357,17.1359068524643,0
"59","Italy","IT",12,12.0353916666667,0.585952204758311,0.585952204758311,11.4494394619084,12.621343871425,0
"60","Jamaica","JM",7,7.09485833333333,0.58823092946744,0.58823092946744,6.50662740386589,7.68308926280077,0
"61","Japan","JP",16,16.1343666666667,0.586124596453276,0.586124596453278,15.5482420702134,16.7204912631199,0
"62","Jordan","JO",8,7.74773333333333,0.586221507298843,0.586221507298842,7.16151182603449,8.33395484063218,0
"63","Kazakhstan","KZ",11,10.1308,0.626990334664514,0.626990334664514,9.50380966533549,10.7577903346645,1
"64","Kenya","KE",7,6.49970833333333,0.58569091526053,0.58569091526053,5.9140174180728,7.08539924859386,1
"65","Korea","KR",18,16.5557916666667,1.02209446864837,1.02209446864837,15.5336971980183,17.577886135315,1
"66","Kuwait","KW",18,16.2002416666667,1.35551210725387,1.35551210725387,14.8447295594128,17.5557537739205,2
"67","Latvia","LV",14,14.258275,0.592928384447296,0.592928384447296,13.6653466155527,14.8512033844473,0
"68","Lebanon","LB",5,5.82061666666667,0.589518363299876,0.589518363299876,5.23109830336679,6.41013502996654,1
"69","Lithuania","LT",15,15.4697,0.586708255316017,0.586708255316019,14.882991744684,16.056408255316,0
"70","Luxembourg","LU",20,19.5481416666667,0.586526992203787,0.586526992203787,18.9616146744629,20.1346686588705,0
"71","Malaysia","MY",14,13.004775,0.596293180799316,0.596293180799316,12.4084818192007,13.6010681807993,1
"72","Malta","MT",14,14.254025,0.745828250037686,0.745828250037686,13.5081967499623,14.9998532500377,0
"73","Mexico","MX",13,12.4549083333333,0.587943320644397,0.587943320644397,11.8669650126889,13.0428516539777,1
"74","Mongolia","MN",6,6.18078333333333,0.586524156961286,0.586524156961286,5.59425917637205,6.76730749029462,0
"75","Montenegro","ME",7,7.69315833333333,0.587786687733605,0.587786687733604,7.10537164559973,8.28094502106694,1
"76","Montserrat","MS",11,10.217525,0.590017676993574,0.590017676993574,9.62750732300643,10.8075426769936,1
"77","Morocco","MA",11,9.6193,0.609013484862027,0.609013484862027,9.01028651513797,10.228313484862,1
"78","Mozambique","MZ",1,3.87010833333333,0.68708392386532,0.68708392386532,3.18302440946801,4.55719225719865,3
"79","Netherlands","NL",20,19.2757666666667,0.586984714861156,0.586984714861156,18.6887819518055,19.8627513815278,1
"80","New Zealand","NZ",18,17.6657,0.591890799599351,0.591890799599351,17.0738092004006,18.2575907995994,0
"81","Nicaragua","NI",5,6.6217,0.594802156894983,0.594802156894983,6.02689784310502,7.21650215689498,2
"82","Nigeria","NG",6,8.37251666666667,0.586074481548511,0.586074481548511,7.78644218511815,8.95859114821518,2
"83","North Macedonia","MK",8,8.46975833333333,0.585459940367123,0.585459940367123,7.88429839296621,9.05521827370046,0
"84","Norway","NO",20,19.0263666666667,0.586665049237109,0.586665049237109,18.4397016174296,19.6130317159038,1
"85","Oman","OM",9,9.79100833333333,0.611192380944624,0.611192380944624,9.17981595238871,10.402200714278,1
"86","Pakistan","PK",5,6.04954166666667,0.585491280392805,0.585491280392805,5.46405038627386,6.63503294705947,1
"87","Panama","PA",12,11.6820666666667,0.585796655210734,0.585796655210734,11.0962700114559,12.2678633218774,0
"88","Papua New Guinea","PG",6,7.262825,0.587395769515275,0.587395769515275,6.67542923048473,7.85022076951527,1
"89","Paraguay","PY",9,9.52155833333333,0.592122242576638,0.592122242576638,8.9294360907567,10.11368057591,1
"90","Peru","PE",13,12.1803916666667,0.588445003884903,0.588445003884903,11.5919466627818,12.7688366705516,1
"91","Philippines","PH",13,10.6763666666667,0.714526209278896,0.714526209278896,9.96184045738777,11.3908928759456,2
"92","Poland","PL",14,13.1850083333333,0.590244969871884,0.590244969871884,12.5947633634614,13.7752533032052,1
"93","Portugal","PT",12,10.6578083333333,0.900657826227627,0.900657826227627,9.75715050710571,11.558466159561,1
"94","Qatar","QA",17,16.6722833333333,0.592909711601919,0.592909711601919,16.0793736217314,17.2651930449353,0
"95","Romania","RO",11,12.4452083333333,0.587658931852268,0.587658931852268,11.8575494014811,13.0328672651856,1
"96","Russia","RU",11,11.9868916666667,1.01768117597192,1.01768117597192,10.9692104906947,13.0045728426386,1
"97","Rwanda","RW",6,6.26215833333333,0.585351746432366,0.585351746432366,5.67680658690097,6.8475100797657,0
"98","Saudi Arabia","SA",14,14.8307583333333,0.586770505143585,0.586770505143585,14.2439878281897,15.4175288384769,1
"99","Senegal","SN",7,6.68531666666667,0.586661981353079,0.586661981353079,6.09865468531359,7.27197864801975,0
"100","Serbia","RS",8,6.54618333333333,0.591408813018765,0.591408813018765,5.95477452031457,7.1375921463521,1
"101","Singapore","SG",20,19.1100916666667,0.586119322976923,0.586119322976923,18.5239723436897,19.6962109896436,1
"102","Slovakia","SK",16,14.5897416666667,0.596766859665124,0.596766859665124,13.9929748070015,15.1865085263318,1
"103","Slovenia","SI",16,13.846325,0.781616382973175,0.781616382973175,13.0647086170268,14.6279413829732,2
"104","South Africa","ZA",11,9.69106666666667,0.749555809028823,0.749555809028823,8.94151085763784,10.4406224756955,1
"105","Spain","ES",15,13.1040583333333,0.602021700539085,0.602021700539085,12.5020366327942,13.7060800338724,2
"106","Sri Lanka","LK",7,5.831275,0.58519671915794,0.58519671915794,5.24607828084206,6.41647171915794,1
"107","Suriname","SR",6,5.43953333333333,0.587684420772503,0.587684420772503,4.85184891256083,6.02721775410584,1
"108","Sweden","SE",20,19.072525,0.593959000487704,0.593959000487704,18.4785659995123,19.6664840004877,1
"109","Switzerland","CH",20,19.4906083333333,0.589944296590836,0.589944296590836,18.9006640367425,20.0805526299242,1
"110","Taiwan","TW",17,16.0833333333333,0.585686270801416,0.585686270801418,15.4976470625319,16.6690196041347,1
"111","Tajikistan","TJ",5,6.38299166666667,0.587557336278163,0.587557336278163,5.7954343303885,6.97054900294483,1
"112","Thailand","TH",13,12.4725833333333,0.589617948695579,0.589617948695579,11.8829653846378,13.0622012820289,1
"113","Trinidad and Tobago","TT",14,14.371075,0.645176025166649,0.645176025166649,13.7258989748334,15.0162510251666,0
"114","Turkey","TR",7,9.0978,1.02010125917221,1.02010125917221,8.07769874082779,10.1179012591722,2
"115","Uganda","UG",6,6.14208333333333,0.58547159832466,0.58547159832466,5.55661173500867,6.72755493165799,0
"116","Ukraine","UA",5,6.51583333333333,0.595885965563102,0.595885965563102,5.91994736777023,7.11171929889644,2
"117","United Kingdom","GB",18,17.6278916666667,0.58821648105857,0.58821648105857,17.0396751856081,18.2161081477252,0
"118","United States","US",19,18.5196916666667,0.588132109293401,0.588132109293401,17.9315595573733,19.1078237759601,0
"119","Uruguay","UY",12,12.892625,0.593986877608566,0.593986877608566,12.2986381223914,13.4866118776086,1
"120","Vietnam","VN",8,8.45430833333333,0.58894475738197,0.58894475738197,7.86536357595136,9.0432530907153,0
"121","Zambia","ZM",4,5.65433333333333,0.590178361293916,0.590178361293916,5.06415497203942,6.24451169462725,2
